"title","month","no_of_copies_rented","avg_copies_rented_title"
"Academy Dinosaur","7","9","5.75"
"Academy Dinosaur","8","9","5.75"
"Ace Goldfinger","8","4","2.33"
"Adaptation Holes","7","4","3.00"
"Adaptation Holes","8","6","3.00"
"Affair Prejudice","7","12","4.60"
"Affair Prejudice","8","6","4.60"
"African Egg","7","5","2.40"
"African Egg","8","3","2.40"
"Agent Truman","7","7","5.25"
"Agent Truman","8","9","5.25"
"Airplane Sierra","7","6","5.00"
"Airplane Sierra","8","7","5.00"
"Airport Pollock","7","7","4.50"
"Airport Pollock","8","5","4.50"
"Alabama Devil","7","7","6.00"
"Aladdin Calendar","7","8","7.67"
"Aladdin Calendar","8","11","7.67"
"Alamo Videotape","7","10","6.00"
"Alamo Videotape","8","9","6.00"
"Alaska Phantom","7","11","6.50"
"Alaska Phantom","8","8","6.50"
"Ali Forever","7","4","3.00"
"Ali Forever","8","4","3.00"
"Alien Center","7","8","5.50"
"Alien Center","8","9","5.50"
"Alley Evolution","7","5","3.50"
"Alley Evolution","8","6","3.50"
"Alone Trip","7","6","3.60"
"Alone Trip","8","8","3.60"
"Alter Victory","7","11","5.50"
"Alter Victory","8","6","5.50"
"Amadeus Holy","7","8","4.20"
"Amadeus Holy","8","7","4.20"
"Amelie Hellfighters","7","5","3.33"
"American Circus","7","8","4.40"
"American Circus","8","8","4.40"
"Amistad Midsummer","7","9","5.25"
"Amistad Midsummer","8","8","5.25"
"Anaconda Confessions","7","9","5.25"
"Analyze Hoosiers","7","7","4.67"
"Angels Life","7","9","5.50"
"Angels Life","8","8","5.50"
"Annie Identity","7","8","5.50"
"Annie Identity","8","7","5.50"
"Anonymous Human","7","5","4.33"
"Anonymous Human","8","6","4.33"
"Anthem Luke","7","6","3.75"
"Antitrust Tomatoes","7","4","2.50"
"Anything Savannah","8","4","2.25"
"Apache Divine","7","13","7.75"
"Apache Divine","8","11","7.75"
"Apocalypse Flamingos","7","3","2.00"
"Arabia Dogma","7","4","3.25"
"Arabia Dogma","8","6","3.25"
"Arachnophobia Rollercoaster","7","13","8.00"
"Arizona Bang","8","12","7.00"
"Armageddon Lost","7","11","4.20"
"Armageddon Lost","8","6","4.20"
"Army Flintstones","7","6","4.00"
"Army Flintstones","8","5","4.00"
"Artist Coldblooded","7","7","4.00"
"Atlantis Cause","7","9","6.00"
"Atlantis Cause","8","10","6.00"
"Attacks Hate","7","8","5.33"
"Attacks Hate","8","6","5.33"
"Attraction Newton","7","8","6.00"
"Attraction Newton","8","10","6.00"
"Autumn Crow","7","5","2.75"
"Autumn Crow","8","3","2.75"
"Baby Hall","7","3","2.00"
"Baby Hall","8","3","2.00"
"Backlash Undefeated","7","8","4.75"
"Badman Dawn","7","11","7.00"
"Baked Cleopatra","7","9","3.20"
"Baked Cleopatra","8","4","3.20"
"Balloon Homeward","7","8","5.75"
"Balloon Homeward","8","9","5.75"
"Ballroom Mockingbird","7","3","2.00"
"Ballroom Mockingbird","8","3","2.00"
"Bang Kwai","7","3","1.75"
"Bang Kwai","8","2","1.75"
"Banger Pinocchio","7","8","5.50"
"Banger Pinocchio","8","7","5.50"
"Barbarella Streetcar","7","8","6.25"
"Barbarella Streetcar","8","9","6.25"
"Barefoot Manchurian","7","8","4.50"
"Barefoot Manchurian","8","6","4.50"
"Basic Easy","7","9","4.20"
"Basic Easy","8","8","4.20"
"Beach Heartbreakers","7","6","4.25"
"Beach Heartbreakers","8","6","4.25"
"Bear Graceland","7","8","5.50"
"Bear Graceland","8","7","5.50"
"Beast Hunchback","7","5","2.75"
"Beast Hunchback","8","3","2.75"
"Beauty Grease","7","10","5.50"
"Beauty Grease","8","8","5.50"
"Bedazzled Married","7","5","3.25"
"Bedazzled Married","8","5","3.25"
"Beethoven Exorcist","7","6","3.67"
"Behavior Runaway","7","5","3.25"
"Behavior Runaway","8","5","3.25"
"Beneath Rush","7","4","3.33"
"Beneath Rush","8","5","3.33"
"Berets Agent","7","11","4.20"
"Berets Agent","8","6","4.20"
"Betrayed Rear","7","5","3.75"
"Betrayed Rear","8","6","3.75"
"Beverly Outlaw","7","10","7.00"
"Beverly Outlaw","8","10","7.00"
"Bikini Borrowers","7","6","4.25"
"Bikini Borrowers","8","6","4.25"
"Bilko Anonymous","7","5","3.25"
"Bilko Anonymous","8","5","3.25"
"Bill Others","8","10","6.33"
"Bingo Talented","7","11","7.25"
"Bingo Talented","8","11","7.25"
"Birch Antitrust","8","6","5.50"
"Bird Independence","7","5","2.75"
"Bird Independence","8","3","2.75"
"Birdcage Casper","7","4","3.00"
"Birdcage Casper","8","4","3.00"
"Birds Perdition","7","9","4.50"
"Birds Perdition","8","7","4.50"
"Blackout Private","7","12","6.75"
"Blackout Private","8","8","6.75"
"Blade Polish","7","11","4.40"
"Blade Polish","8","5","4.40"
"Blanket Beverly","7","4","2.40"
"Blanket Beverly","8","5","2.40"
"Blindness Gun","7","5","3.50"
"Blindness Gun","8","6","3.50"
"Blood Argonauts","7","4","2.50"
"Blues Instinct","7","9","5.25"
"Blues Instinct","8","6","5.25"
"Boiled Dares","7","5","3.75"
"Boiled Dares","8","6","3.75"
"Bonnie Holocaust","7","8","4.00"
"Boogie Amelie","7","12","5.80"
"Boogie Amelie","8","8","5.80"
"Born Spinal","7","6","4.00"
"Born Spinal","8","5","4.00"
"Borrowers Bedazzled","7","11","5.50"
"Borrowers Bedazzled","8","6","5.50"
"Boulevard Mob","7","8","3.60"
"Boulevard Mob","8","6","3.60"
"Bound Cheaper","7","11","6.00"
"Bound Cheaper","8","10","6.00"
"Bowfinger Gables","7","5","3.67"
"Bowfinger Gables","8","5","3.67"
"Brannigan Sunrise","8","5","3.00"
"Braveheart Human","8","3","2.50"
"Breakfast Goldfinger","7","7","4.25"
"Breakfast Goldfinger","8","7","4.25"
"Breaking Home","7","5","3.25"
"Breaking Home","8","4","3.25"
"Bride Intrigue","7","11","4.75"
"Bride Intrigue","8","6","4.75"
"Bright Encounters","7","6","3.25"
"Bringing Hysterical","7","9","6.67"
"Bringing Hysterical","8","9","6.67"
"Brooklyn Desert","7","9","5.25"
"Brooklyn Desert","8","7","5.25"
"Brotherhood Blanket","7","12","6.50"
"Bubble Grosse","8","3","1.50"
"Bucket Brotherhood","7","13","8.50"
"Bucket Brotherhood","8","10","8.50"
"Bugsy Song","7","5","2.75"
"Bugsy Song","8","3","2.75"
"Bull Shawshank","7","6","4.00"
"Bull Shawshank","8","7","4.00"
"Bulworth Commandments","7","4","2.33"
"Bunch Minds","7","3","2.50"
"Butterfly Chocolat","7","14","7.50"
"Butterfly Chocolat","8","8","7.50"
"Cabin Flash","7","8","3.75"
"Cabin Flash","8","4","3.75"
"Caddyshack Jedi","7","7","4.00"
"Caddyshack Jedi","8","5","4.00"
"Calendar Gunfight","7","8","5.25"
"Calendar Gunfight","8","9","5.25"
"California Birds","7","6","3.00"
"California Birds","8","4","3.00"
"Camelot Vacation","7","12","5.40"
"Camelot Vacation","8","7","5.40"
"Campus Remember","7","5","4.75"
"Campus Remember","8","11","4.75"
"Candidate Perdition","7","7","3.60"
"Candidate Perdition","8","8","3.60"
"Candles Grapes","7","11","5.75"
"Candles Grapes","8","6","5.75"
"Canyon Stock","7","7","4.75"
"Canyon Stock","8","8","4.75"
"Caper Motions","7","9","6.00"
"Caper Motions","8","10","6.00"
"Caribbean Liberty","7","3","2.25"
"Caribbean Liberty","8","4","2.25"
"Carol Texas","7","8","6.00"
"Carol Texas","8","8","6.00"
"Carrie Bunch","8","12","7.67"
"Casablanca Super","7","6","5.33"
"Casablanca Super","8","8","5.33"
"Casper Dragonfly","8","5","2.67"
"Cassidy Wyoming","7","4","3.00"
"Casualties Encino","7","4","2.25"
"Casualties Encino","8","3","2.25"
"Cat Coneheads","7","11","6.00"
"Cat Coneheads","8","12","6.00"
"Cause Date","7","7","5.25"
"Cause Date","8","9","5.25"
"Celebrity Horn","7","9","6.00"
"Celebrity Horn","8","8","6.00"
"Center Dinosaur","7","10","4.80"
"Center Dinosaur","8","6","4.80"
"Chainsaw Uptown","7","8","5.25"
"Chainsaw Uptown","8","8","5.25"
"Chamber Italian","7","6","3.25"
"Chamber Italian","8","4","3.25"
"Champion Flatliners","8","6","3.25"
"Chance Resurrection","7","10","6.75"
"Chance Resurrection","8","10","6.75"
"Chaplin License","7","5","4.00"
"Charade Duffel","7","6","3.75"
"Charade Duffel","8","5","3.75"
"Chariots Conspiracy","7","9","5.25"
"Chariots Conspiracy","8","6","5.25"
"Chasing Fight","7","9","4.00"
"Chasing Fight","8","7","4.00"
"Cheaper Clyde","7","7","5.00"
"Cheaper Clyde","8","7","5.00"
"Chicago North","7","7","4.00"
"Chicago North","8","6","4.00"
"Chicken Hellfighters","7","9","5.50"
"Chicken Hellfighters","8","6","5.50"
"Chill Luck","7","10","5.50"
"Chill Luck","8","8","5.50"
"Chisum Behavior","7","6","3.25"
"Chitty Lock","7","4","2.67"
"Chitty Lock","8","3","2.67"
"Chocolat Harry","7","9","5.00"
"Chocolat Harry","8","8","5.00"
"Christmas Moonshine","7","7","5.25"
"Christmas Moonshine","8","9","5.25"
"Cider Desire","7","7","4.75"
"Cider Desire","8","8","4.75"
"Cincinatti Whisperer","7","3","2.60"
"Cincinatti Whisperer","8","6","2.60"
"Circus Youth","7","7","3.75"
"Circus Youth","8","5","3.75"
"Citizen Shrek","7","5","4.33"
"Citizen Shrek","8","6","4.33"
"Clash Freddy","7","10","6.25"
"Clash Freddy","8","10","6.25"
"Cleopatra Devil","7","8","3.60"
"Cleopatra Devil","8","4","3.60"
"Clerks Angels","7","2","1.75"
"Clerks Angels","8","3","1.75"
"Clockwork Paradise","7","6","3.33"
"Clones Pinocchio","7","8","4.75"
"Clones Pinocchio","8","6","4.75"
"Closer Bang","7","10","7.00"
"Closer Bang","8","10","7.00"
"Club Graffiti","6","4","3.80"
"Club Graffiti","7","6","3.80"
"Club Graffiti","8","6","3.80"
"Clue Grail","7","4","2.33"
"Clueless Bucket","7","10","6.25"
"Clueless Bucket","8","9","6.25"
"Coast Rainbow","7","7","5.25"
"Coast Rainbow","8","7","5.25"
"Coldblooded Darling","7","9","5.33"
"Color Philadelphia","7","11","6.00"
"Color Philadelphia","8","7","6.00"
"Coma Head","7","10","6.50"
"Coma Head","8","9","6.50"
"Comancheros Enemy","7","3","2.00"
"Comforts Rush","7","6","4.25"
"Comforts Rush","8","6","4.25"
"Command Darling","7","6","5.33"
"Command Darling","8","9","5.33"
"Coneheads Smoochy","7","13","6.25"
"Coneheads Smoochy","8","8","6.25"
"Confessions Maguire","7","7","3.50"
"Confessions Maguire","8","5","3.50"
"Confidential Interview","7","12","7.25"
"Confidential Interview","8","10","7.25"
"Confused Candles","7","7","5.67"
"Confused Candles","8","7","5.67"
"Congeniality Quest","7","8","5.50"
"Congeniality Quest","8","9","5.50"
"Connecticut Tramp","7","6","3.25"
"Connection Microcosmos","7","3","1.40"
"Conquerer Nuts","7","7","4.00"
"Conspiracy Spirit","7","3","2.50"
"Contact Anonymous","7","10","6.50"
"Contact Anonymous","8","10","6.50"
"Control Anthem","7","2","1.75"
"Control Anthem","8","3","1.75"
"Conversation Downhill","7","8","4.25"
"Conversation Downhill","8","7","4.25"
"Core Suit","7","9","4.50"
"Core Suit","8","6","4.50"
"Cowboy Doom","7","4","2.33"
"Craft Outfield","7","7","4.00"
"Craft Outfield","8","5","4.00"
"Cranes Reservoir","7","3","2.75"
"Cranes Reservoir","8","5","2.75"
"Crazy Home","7","4","3.00"
"Crazy Home","8","4","3.00"
"Creatures Shakespeare","7","5","4.00"
"Creatures Shakespeare","8","7","4.00"
"Creepers Kane","7","6","3.50"
"Creepers Kane","8","5","3.50"
"Crooked Frogmen","6","5","4.60"
"Crooked Frogmen","7","7","4.60"
"Crooked Frogmen","8","9","4.60"
"Crossroads Casualties","7","9","7.00"
"Crossroads Casualties","8","10","7.00"
"Crow Grease","7","7","4.00"
"Cruelty Unforgiven","7","2","1.75"
"Cruelty Unforgiven","8","3","1.75"
"Crusade Honey","7","3","2.00"
"Crusade Honey","8","3","2.00"
"Cupboard Sinners","7","10","7.67"
"Cupboard Sinners","8","11","7.67"
"Curtain Videotape","7","13","5.40"
"Curtain Videotape","8","8","5.40"
"Cyclone Family","7","6","3.00"
"Cyclone Family","8","5","3.00"
"Daddy Pittsburgh","7","6","3.25"
"Daisy Menagerie","7","7","4.00"
"Daisy Menagerie","8","5","4.00"
"Dalmations Sweden","7","10","5.00"
"Dalmations Sweden","8","6","5.00"
"Dances None","7","4","2.80"
"Dances None","8","5","2.80"
"Dancing Fever","7","12","6.75"
"Dancing Fever","8","9","6.75"
"Dangerous Uptown","7","6","4.00"
"Dangerous Uptown","8","5","4.00"
"Dares Pluto","7","4","2.25"
"Dares Pluto","8","3","2.25"
"Darkness War","7","5","3.25"
"Darkness War","8","6","3.25"
"Darko Dorado","7","5","2.75"
"Darko Dorado","8","4","2.75"
"Darling Breaking","7","4","2.25"
"Darn Forrester","7","8","4.50"
"Darn Forrester","8","6","4.50"
"Date Speed","7","6","3.25"
"Date Speed","8","5","3.25"
"Daughter Madigan","8","7","4.50"
"Dawn Pond","7","7","4.50"
"Dawn Pond","8","9","4.50"
"Day Unfaithful","7","5","2.80"
"Day Unfaithful","8","6","2.80"
"Deceiver Betrayed","7","10","5.25"
"Deceiver Betrayed","8","8","5.25"
"Deep Crusade","7","6","2.80"
"Deep Crusade","8","4","2.80"
"Deer Virginian","7","13","5.80"
"Deer Virginian","8","9","5.80"
"Desert Poseidon","7","9","6.33"
"Desert Poseidon","8","8","6.33"
"Desire Alien","7","4","2.67"
"Desperate Trainspotting","7","4","3.00"
"Destination Jerk","7","4","2.67"
"Destination Jerk","8","3","2.67"
"Destiny Saturday","7","7","4.00"
"Destiny Saturday","8","6","4.00"
"Details Packer","6","4","3.80"
"Details Packer","7","7","3.80"
"Details Packer","8","6","3.80"
"Detective Vision","7","10","5.40"
"Detective Vision","8","8","5.40"
"Devil Desire","7","5","3.00"
"Devil Desire","8","5","3.00"
"Diary Panic","7","3","2.25"
"Diary Panic","8","3","2.25"
"Dinosaur Secretary","8","13","6.67"
"Dirty Ace","7","4","3.75"
"Dirty Ace","8","8","3.75"
"Disciple Mother","7","6","3.80"
"Disciple Mother","8","9","3.80"
"Disturbing Scarface","7","11","6.50"
"Disturbing Scarface","8","8","6.50"
"Divide Monster","7","9","7.00"
"Divide Monster","8","8","7.00"
"Divine Resurrection","7","7","3.75"
"Divine Resurrection","8","4","3.75"
"Divorce Shining","7","3","1.75"
"Divorce Shining","8","2","1.75"
"Doctor Grail","7","3","1.75"
"Doctor Grail","8","2","1.75"
"Dogma Family","7","13","7.50"
"Dogma Family","8","9","7.50"
"Dolls Rage","7","3","2.25"
"Dolls Rage","8","4","2.25"
"Donnie Alley","7","7","3.50"
"Donnie Alley","8","4","3.50"
"Doom Dancing","7","9","5.25"
"Doors President","7","6","3.80"
"Doors President","8","8","3.80"
"Dorado Notting","7","7","6.75"
"Dorado Notting","8","13","6.75"
"Double Wrath","7","10","6.25"
"Double Wrath","8","9","6.25"
"Doubtfire Labyrinth","7","4","2.50"
"Doubtfire Labyrinth","8","4","2.50"
"Downhill Enough","7","10","6.25"
"Downhill Enough","8","9","6.25"
"Dozen Lion","7","2","1.75"
"Dozen Lion","8","3","1.75"
"Dracula Crystal","7","6","5.25"
"Dracula Crystal","8","10","5.25"
"Dragon Squad","8","6","5.50"
"Dragonfly Strangers","7","7","3.60"
"Dragonfly Strangers","8","5","3.60"
"Dream Pickup","7","10","5.50"
"Dream Pickup","8","6","5.50"
"Drifter Commandments","7","12","4.80"
"Drifter Commandments","8","5","4.80"
"Driver Annie","7","6","3.60"
"Driver Annie","8","7","3.60"
"Driving Polish","7","8","5.25"
"Driving Polish","8","8","5.25"
"Drop Waterfront","7","4","2.25"
"Drop Waterfront","8","3","2.25"
"Drumline Cyclone","7","5","2.75"
"Drumline Cyclone","8","3","2.75"
"Drums Dynamite","7","5","4.33"
"Drums Dynamite","8","6","4.33"
"Duck Racer","8","3","2.00"
"Dude Blindness","7","6","4.00"
"Dude Blindness","8","5","4.00"
"Duffel Apocalypse","7","4","2.33"
"Durham Panky","7","11","6.50"
"Durham Panky","8","9","6.50"
"Dwarfs Alter","6","2","1.80"
"Dwarfs Alter","7","3","1.80"
"Dwarfs Alter","8","2","1.80"
"Dying Maker","8","8","4.25"
"Dynamite Tarzan","7","10","6.25"
"Dynamite Tarzan","8","12","6.25"
"Eagles Panky","7","7","4.40"
"Eagles Panky","8","9","4.40"
"Early Home","7","2","1.75"
"Early Home","8","3","1.75"
"Earring Instinct","7","10","4.75"
"Earring Instinct","8","6","4.75"
"Earth Vision","7","10","5.75"
"Earth Vision","8","9","5.75"
"Easy Gladiator","7","9","5.75"
"Easy Gladiator","8","6","5.75"
"Edge Kissing","7","6","3.75"
"Edge Kissing","8","5","3.75"
"Effect Gladiator","7","10","5.00"
"Effect Gladiator","8","7","5.00"
"Egg Igby","7","10","5.25"
"Egg Igby","8","9","5.25"
"Egypt Tenenbaums","7","8","4.25"
"Egypt Tenenbaums","8","6","4.25"
"Elephant Trojan","7","5","3.50"
"Elf Murder","7","3","1.75"
"Elf Murder","8","2","1.75"
"Elizabeth Shane","7","4","2.50"
"Empire Malkovich","7","8","5.25"
"Empire Malkovich","8","8","5.25"
"Encino Elf","7","6","4.75"
"Encino Elf","8","9","4.75"
"Encounters Curtain","7","8","4.75"
"Encounters Curtain","8","8","4.75"
"Ending Crowds","7","5","2.75"
"Ending Crowds","8","3","2.75"
"Enemy Odds","7","11","7.25"
"Enemy Odds","8","9","7.25"
"English Bulworth","7","10","7.50"
"English Bulworth","8","10","7.50"
"Enough Raging","7","7","3.60"
"Enough Raging","8","6","3.60"
"Entrapment Satisfaction","7","5","3.75"
"Entrapment Satisfaction","8","6","3.75"
"Escape Metropolis","7","12","6.25"
"Eve Resurrection","7","3","2.33"
"Eve Resurrection","8","3","2.33"
"Everyone Craft","7","5","3.25"
"Everyone Craft","8","4","3.25"
"Evolution Alter","7","6","4.00"
"Evolution Alter","8","5","4.00"
"Excitement Eve","7","8","5.25"
"Excitement Eve","8","9","5.25"
"Exorcist Sting","7","5","3.25"
"Exorcist Sting","8","6","3.25"
"Expecations Natural","7","8","4.50"
"Expecations Natural","8","6","4.50"
"Expendable Stallion","7","14","7.00"
"Expendable Stallion","8","8","7.00"
"Express Lonely","7","6","3.25"
"Express Lonely","8","4","3.25"
"Extraordinary Conquerer","7","3","2.00"
"Eyes Driving","7","8","4.75"
"Eyes Driving","8","6","4.75"
"Factory Dragon","7","8","4.25"
"Falcon Volume","7","8","4.40"
"Falcon Volume","8","7","4.40"
"Family Sweet","7","12","5.80"
"Family Sweet","8","8","5.80"
"Fantasia Park","7","8","6.33"
"Fantasia Park","8","8","6.33"
"Fantasy Troopers","7","11","6.50"
"Fantasy Troopers","8","7","6.50"
"Fargo Gandhi","7","11","6.00"
"Fatal Haunted","7","11","7.00"
"Fatal Haunted","8","8","7.00"
"Feathers Metal","7","4","2.75"
"Feathers Metal","8","4","2.75"
"Fellowship Autumn","7","9","6.50"
"Fellowship Autumn","8","9","6.50"
"Ferris Mother","7","6","4.25"
"Ferris Mother","8","6","4.25"
"Feud Frogmen","7","10","6.25"
"Feud Frogmen","8","7","6.25"
"Fever Empire","8","3","2.50"
"Fiction Christmas","7","10","6.33"
"Fiction Christmas","8","8","6.33"
"Fiddler Lost","7","6","3.33"
"Fidelity Devil","7","10","5.25"
"Fidelity Devil","8","7","5.25"
"Fight Jawbreaker","7","7","4.40"
"Fight Jawbreaker","8","8","4.40"
"Finding Anaconda","7","4","3.00"
"Finding Anaconda","8","5","3.00"
"Fire Wolves","8","4","2.33"
"Fireball Philadelphia","7","6","5.25"
"Fireball Philadelphia","8","11","5.25"
"Fish Opus","7","11","6.25"
"Fish Opus","8","9","6.25"
"Flamingos Connecticut","7","10","5.75"
"Flamingos Connecticut","8","10","5.75"
"Flash Wars","7","6","4.33"
"Flash Wars","8","5","4.33"
"Flatliners Killer","7","8","5.50"
"Flatliners Killer","8","8","5.50"
"Flight Lies","8","6","4.00"
"Flintstones Happiness","7","9","5.67"
"Flying Hook","7","6","4.00"
"Flying Hook","8","9","4.00"
"Fool Mockingbird","7","10","5.75"
"Fool Mockingbird","8","7","5.75"
"Forever Candidate","7","5","3.25"
"Forever Candidate","8","6","3.25"
"Forrest Sons","7","5","4.50"
"Forrest Sons","8","10","4.50"
"Forrester Comancheros","6","6","5.40"
"Forrester Comancheros","7","8","5.40"
"Forrester Comancheros","8","11","5.40"
"Forward Temple","7","11","8.00"
"Forward Temple","8","11","8.00"
"Freaky Pocus","7","8","4.25"
"Freddy Storm","7","10","5.75"
"Freddy Storm","8","8","5.75"
"Freedom Cleopatra","7","3","2.50"
"French Holiday","7","6","4.25"
"French Holiday","8","7","4.25"
"Frida Slipper","7","5","2.75"
"Frida Slipper","8","4","2.75"
"Frisco Forrest","7","4","2.25"
"Frisco Forrest","8","3","2.25"
"Frogmen Breaking","8","6","3.33"
"Frontier Cabin","7","3","2.00"
"Frost Head","7","13","6.00"
"Frost Head","8","10","6.00"
"Fugitive Maguire","7","4","3.67"
"Fugitive Maguire","8","6","3.67"
"Full Flatliners","7","3","2.50"
"Fury Murder","7","8","4.75"
"Fury Murder","8","6","4.75"
"Gables Metropolis","7","8","3.80"
"Gables Metropolis","8","5","3.80"
"Galaxy Sweethearts","7","7","4.50"
"Galaxy Sweethearts","8","7","4.50"
"Games Bowfinger","7","6","3.50"
"Games Bowfinger","8","4","3.50"
"Gandhi Kwai","7","6","4.25"
"Gandhi Kwai","8","5","4.25"
"Gangs Pride","7","11","6.75"
"Gangs Pride","8","9","6.75"
"Garden Island","7","8","5.00"
"Garden Island","8","10","5.00"
"Gaslight Crusade","7","10","8.00"
"Gathering Calendar","7","3","2.75"
"Gathering Calendar","8","6","2.75"
"Gentlemen Stage","7","11","5.75"
"Gentlemen Stage","8","7","5.75"
"Ghost Groundhog","6","5","4.20"
"Ghost Groundhog","7","10","4.20"
"Ghostbusters Elf","7","3","2.25"
"Ghostbusters Elf","8","3","2.25"
"Giant Troopers","7","11","7.00"
"Giant Troopers","8","11","7.00"
"Gilbert Pelican","7","5","4.50"
"Gilmore Boiled","7","11","7.00"
"Gilmore Boiled","8","11","7.00"
"Glass Dying","7","4","3.50"
"Glass Dying","8","6","3.50"
"Gleaming Jawbreaker","7","11","5.80"
"Gleaming Jawbreaker","8","11","5.80"
"Glory Tracy","8","3","2.50"
"Go Purple","7","8","5.00"
"Go Purple","8","8","5.00"
"Godfather Diary","7","3","2.67"
"Godfather Diary","8","4","2.67"
"Gold River","7","5","4.67"
"Gold River","8","6","4.67"
"Goldfinger Sensibility","7","11","6.00"
"Goldfinger Sensibility","8","8","6.00"
"Goldmine Tycoon","7","11","6.75"
"Goldmine Tycoon","8","9","6.75"
"Gone Trouble","8","4","2.50"
"Goodfellas Salute","7","13","7.75"
"Goodfellas Salute","8","11","7.75"
"Gorgeous Bingo","7","9","3.80"
"Gorgeous Bingo","8","4","3.80"
"Gosford Donnie","7","4","2.67"
"Gosford Donnie","8","3","2.67"
"Graduate Lord","7","7","4.00"
"Graduate Lord","8","5","4.00"
"Graffiti Love","7","14","7.50"
"Grail Frankenstein","7","4","2.00"
"Grapes Fury","7","11","5.50"
"Grapes Fury","8","7","5.50"
"Grease Youth","7","10","5.25"
"Grease Youth","8","8","5.25"
"Greatest North","7","15","7.25"
"Greatest North","8","9","7.25"
"Greedy Roots","7","7","3.50"
"Greedy Roots","8","4","3.50"
"Greek Everyone","7","7","5.67"
"Greek Everyone","8","7","5.67"
"Grinch Massage","7","6","4.67"
"Grinch Massage","8","7","4.67"
"Grit Clockwork","7","13","8.00"
"Grit Clockwork","8","9","8.00"
"Groove Fiction","7","9","4.50"
"Groove Fiction","8","5","4.50"
"Grosse Wonderful","7","3","2.67"
"Grosse Wonderful","8","4","2.67"
"Groundhog Uncut","7","7","3.60"
"Groundhog Uncut","8","5","3.60"
"Gun Bonnie","7","10","6.25"
"Gun Bonnie","8","8","6.25"
"Gunfight Moon","7","11","4.80"
"Gunfighter Mussolini","7","5","4.00"
"Gunfighter Mussolini","8","6","4.00"
"Guys Falcon","7","4","2.25"
"Guys Falcon","8","3","2.25"
"Half Outfield","7","11","5.20"
"Half Outfield","8","6","5.20"
"Hall Cassidy","7","8","5.33"
"Hall Cassidy","8","7","5.33"
"Halloween Nuts","7","4","2.50"
"Hamlet Wisdom","7","5","3.50"
"Hamlet Wisdom","8","5","3.50"
"Handicap Boondock","7","8","7.00"
"Handicap Boondock","8","10","7.00"
"Hanging Deep","7","5","4.75"
"Hanging Deep","8","7","4.75"
"Hanky October","7","10","6.50"
"Hanky October","8","9","6.50"
"Hanover Galaxy","7","8","4.25"
"Happiness United","7","3","2.00"
"Harold French","7","3","2.00"
"Harold French","8","3","2.00"
"Harper Dying","7","9","6.67"
"Harper Dying","8","8","6.67"
"Harry Idaho","7","14","6.00"
"Harry Idaho","8","8","6.00"
"Haunted Antitrust","7","4","2.00"
"Haunting Pianist","7","9","5.50"
"Haunting Pianist","8","7","5.50"
"Hawk Chill","7","2","1.75"
"Hawk Chill","8","3","1.75"
"Head Stranger","7","10","5.50"
"Head Stranger","8","9","5.50"
"Heartbreakers Bright","7","9","6.67"
"Heartbreakers Bright","8","9","6.67"
"Heaven Freedom","7","5","4.50"
"Heaven Freedom","8","8","4.50"
"Heavenly Gun","8","4","1.75"
"Heavyweights Beast","7","10","5.75"
"Heavyweights Beast","8","10","5.75"
"Hedwig Alter","8","5","3.00"
"Hellfighters Sierra","7","11","5.00"
"Hellfighters Sierra","8","6","5.00"
"High Encino","7","9","5.50"
"High Encino","8","8","5.50"
"Highball Potter","7","9","5.25"
"Highball Potter","8","7","5.25"
"Hills Neighbors","7","9","6.25"
"Hills Neighbors","8","8","6.25"
"Hobbit Alien","7","10","7.75"
"Hobbit Alien","8","12","7.75"
"Holes Brannigan","7","7","3.75"
"Holes Brannigan","8","5","3.75"
"Holiday Games","7","7","5.00"
"Hollow Jeopardy","7","4","2.50"
"Hollywood Anonymous","7","6","4.33"
"Hollywood Anonymous","8","6","4.33"
"Holocaust Highball","7","6","4.25"
"Holocaust Highball","8","8","4.25"
"Holy Tadpole","7","4","2.25"
"Home Pity","7","5","3.50"
"Home Pity","8","4","3.50"
"Homeward Cider","7","7","5.33"
"Homicide Peach","7","9","5.50"
"Homicide Peach","8","8","5.50"
"Honey Ties","7","7","4.75"
"Honey Ties","8","8","4.75"
"Hook Chariots","7","7","4.33"
"Hoosiers Birdcage","7","4","2.67"
"Hoosiers Birdcage","8","3","2.67"
"Hope Tootsie","7","8","4.50"
"Hope Tootsie","8","6","4.50"
"Horn Working","7","11","6.00"
"Horn Working","8","7","6.00"
"Horror Reign","7","12","6.75"
"Horror Reign","8","10","6.75"
"Hotel Happiness","7","3","2.25"
"Hotel Happiness","8","3","2.25"
"Hours Rage","7","7","4.75"
"Hours Rage","8","8","4.75"
"House Dynamite","7","9","5.75"
"House Dynamite","8","8","5.75"
"Human Graffiti","7","6","5.00"
"Human Graffiti","8","8","5.00"
"Hunchback Impossible","7","9","4.00"
"Hunchback Impossible","8","5","4.00"
"Hunger Roof","7","4","2.60"
"Hunger Roof","8","5","2.60"
"Hunter Alter","8","3","2.50"
"Hunting Musketeers","8","6","3.75"
"Hurricane Affair","7","12","6.00"
"Hurricane Affair","8","8","6.00"
"Hustler Party","7","10","7.33"
"Hustler Party","8","10","7.33"
"Hyde Doctor","7","10","5.20"
"Hyde Doctor","8","7","5.20"
"Hysterical Grail","7","6","5.00"
"Hysterical Grail","8","6","5.00"
"Ice Crossing","7","8","6.00"
"Ice Crossing","8","11","6.00"
"Idaho Love","7","8","4.25"
"Idaho Love","8","6","4.25"
"Identity Lover","7","6","3.25"
"Identity Lover","8","4","3.25"
"Idols Snatchers","7","11","7.50"
"Idols Snatchers","8","9","7.50"
"Igby Maker","7","8","3.80"
"Igby Maker","8","5","3.80"
"Illusion Amelie","7","5","3.75"
"Illusion Amelie","8","6","3.75"
"Image Princess","7","8","7.00"
"Impact Aladdin","7","3","2.25"
"Impact Aladdin","8","3","2.25"
"Impossible Prejudice","7","7","4.67"
"Impossible Prejudice","8","5","4.67"
"Inch Jet","7","9","6.00"
"Inch Jet","8","7","6.00"
"Independence Hotel","7","10","4.75"
"Independence Hotel","8","6","4.75"
"Indian Love","7","6","4.00"
"Indian Love","8","8","4.00"
"Informer Double","7","3","2.50"
"Innocent Usual","7","13","8.67"
"Innocent Usual","8","10","8.67"
"Insects Stone","7","8","4.50"
"Insects Stone","8","7","4.50"
"Insider Arizona","7","9","4.00"
"Instinct Airport","7","8","4.50"
"Instinct Airport","8","6","4.50"
"Intentions Empire","7","9","5.67"
"Intentions Empire","8","6","5.67"
"Interview Liaisons","7","9","5.00"
"Intolerable Intentions","7","4","2.25"
"Intrigue Worst","7","8","4.00"
"Intrigue Worst","8","9","4.00"
"Invasion Cyclone","7","14","6.75"
"Invasion Cyclone","8","9","6.75"
"Iron Moon","7","5","3.67"
"Iron Moon","8","4","3.67"
"Ishtar Rocketeer","7","3","1.75"
"Ishtar Rocketeer","8","2","1.75"
"Island Exorcist","7","11","6.50"
"Island Exorcist","8","8","6.50"
"Italian African","7","4","3.00"
"Jacket Frisco","7","8","4.50"
"Jacket Frisco","8","7","4.50"
"Jade Bunch","7","5","4.50"
"Jade Bunch","8","7","4.50"
"Japanese Run","8","3","2.00"
"Jason Trap","7","11","4.80"
"Jason Trap","8","8","4.80"
"Jawbreaker Brooklyn","7","5","3.33"
"Jaws Harry","7","5","3.50"
"Jaws Harry","8","7","3.50"
"Jedi Beneath","7","8","4.75"
"Jedi Beneath","8","7","4.75"
"Jeepers Wedding","7","7","4.00"
"Jeepers Wedding","8","5","4.00"
"Jekyll Frogmen","7","5","4.25"
"Jekyll Frogmen","8","10","4.25"
"Jeopardy Encino","7","5","3.33"
"Jericho Mulan","7","7","4.25"
"Jericho Mulan","8","7","4.25"
"Jerk Paycheck","7","7","5.00"
"Jerk Paycheck","8","11","5.00"
"Jet Neighbors","7","9","5.00"
"Jet Neighbors","8","7","5.00"
"Jingle Sagebrush","7","4","3.25"
"Jingle Sagebrush","8","5","3.25"
"Joon Northwest","7","8","4.25"
"Joon Northwest","8","6","4.25"
"Juggler Hardly","7","12","6.40"
"Juggler Hardly","8","10","6.40"
"Jumanji Blade","7","4","2.67"
"Jumping Wrath","7","8","6.00"
"Jumping Wrath","8","9","6.00"
"Jungle Closer","7","3","2.25"
"Jungle Closer","8","3","2.25"
"Kane Exorcist","7","6","3.50"
"Karate Moon","7","9","5.75"
"Karate Moon","8","9","5.75"
"Kick Savannah","7","8","4.00"
"Kick Savannah","8","5","4.00"
"Killer Innocent","7","3","2.00"
"King Evolution","7","4","2.25"
"Kiss Glory","7","7","5.50"
"Kiss Glory","8","12","5.50"
"Kissing Dolls","7","7","5.00"
"Kissing Dolls","8","6","5.00"
"Knock Warlock","7","9","6.00"
"Knock Warlock","8","9","6.00"
"Kramer Chocolate","7","5","3.00"
"Kwai Homeward","7","11","5.75"
"Kwai Homeward","8","6","5.75"
"Labyrinth League","7","7","3.75"
"Labyrinth League","8","4","3.75"
"Lady Stage","7","9","3.40"
"Lady Stage","8","5","3.40"
"Ladybugs Armageddon","8","3","2.00"
"Lambs Cincinatti","7","6","3.33"
"Language Cowboy","7","5","2.75"
"Language Cowboy","8","4","2.75"
"Lawless Vision","7","7","3.40"
"Lawless Vision","8","4","3.40"
"Lawrence Love","7","7","4.33"
"Lawrence Love","8","5","4.33"
"League Hellfighters","7","7","5.67"
"League Hellfighters","8","8","5.67"
"Leathernecks Dwarfs","7","4","2.33"
"Lebowski Soldiers","7","8","5.25"
"Lebowski Soldiers","8","7","5.25"
"Legally Secretary","7","4","2.25"
"Legend Jedi","7","4","2.25"
"Legend Jedi","8","3","2.25"
"Lesson Cleopatra","7","3","1.75"
"Lesson Cleopatra","8","2","1.75"
"Liaisons Sweet","7","9","5.50"
"Liaisons Sweet","8","8","5.50"
"Liberty Magnificent","8","7","3.00"
"License Weekend","7","2","1.75"
"License Weekend","8","3","1.75"
"Lies Treatment","7","12","6.75"
"Lies Treatment","8","9","6.75"
"Life Twisted","7","3","2.50"
"Life Twisted","8","3","2.50"
"Lights Deer","7","4","2.00"
"Lion Uncut","7","7","4.50"
"Lion Uncut","8","8","4.50"
"Loathing Legally","7","12","5.40"
"Loathing Legally","8","9","5.40"
"Lock Rear","8","7","4.00"
"Lola Agent","7","11","6.00"
"Lola Agent","8","7","6.00"
"Lolita World","7","3","2.50"
"Lolita World","8","5","2.50"
"Lonely Elephant","7","7","3.75"
"Lonely Elephant","8","4","3.75"
"Lord Arizona","7","4","2.20"
"Lord Arizona","8","4","2.20"
"Lose Inch","7","14","6.75"
"Lose Inch","8","9","6.75"
"Loser Hustler","7","7","3.75"
"Loser Hustler","8","4","3.75"
"Lost Bird","7","4","3.00"
"Lost Bird","8","4","3.00"
"Louisiana Harry","7","8","4.25"
"Louisiana Harry","8","6","4.25"
"Love Suicides","7","8","5.00"
"Lovely Jingle","7","7","3.50"
"Lovely Jingle","8","5","3.50"
"Lover Truman","7","5","2.50"
"Lover Truman","8","3","2.50"
"Loverboy Attacks","7","6","4.00"
"Luck Opus","7","4","2.50"
"Lucky Flying","7","6","3.25"
"Luke Mummy","7","3","2.33"
"Luke Mummy","8","3","2.33"
"Lust Lock","7","8","3.75"
"Lust Lock","8","4","3.75"
"Madigan Dorado","7","3","2.50"
"Madigan Dorado","8","3","2.50"
"Madison Trap","7","7","3.75"
"Madison Trap","8","4","3.75"
"Madness Attacks","7","11","6.25"
"Madness Attacks","8","7","6.25"
"Madre Gables","7","5","3.50"
"Madre Gables","8","6","3.50"
"Magic Mallrats","7","4","2.33"
"Magnificent Chitty","7","3","2.67"
"Magnificent Chitty","8","3","2.67"
"Magnolia Forrester","8","7","5.50"
"Maguire Apache","7","4","3.00"
"Maguire Apache","8","4","3.00"
"Maiden Home","7","10","6.00"
"Maiden Home","8","8","6.00"
"Majestic Floats","7","8","4.25"
"Maker Gables","7","4","3.33"
"Maker Gables","8","5","3.33"
"Malkovich Pet","7","10","6.50"
"Malkovich Pet","8","10","6.50"
"Mallrats United","7","7","6.25"
"Mallrats United","8","11","6.25"
"Maltese Hope","7","9","5.50"
"Maltese Hope","8","10","5.50"
"Manchurian Curtain","7","7","3.75"
"Manchurian Curtain","8","6","3.75"
"Mannequin Worst","7","3","2.50"
"Married Go","7","14","7.50"
"Married Go","8","9","7.50"
"Mars Roman","7","9","4.75"
"Mars Roman","8","5","4.75"
"Mask Peach","7","5","4.25"
"Mask Peach","8","6","4.25"
"Masked Bubble","7","9","6.67"
"Masked Bubble","8","8","6.67"
"Massacre Usual","7","11","7.50"
"Massacre Usual","8","10","7.50"
"Massage Image","7","5","3.00"
"Massage Image","8","4","3.00"
"Matrix Snowman","7","3","2.25"
"Matrix Snowman","8","3","2.25"
"Maude Mod","7","4","2.67"
"Meet Chocolate","7","6","3.00"
"Meet Chocolate","8","4","3.00"
"Memento Zoolander","7","7","4.33"
"Memento Zoolander","8","5","4.33"
"Menagerie Rushmore","7","2","1.75"
"Menagerie Rushmore","8","3","1.75"
"Mermaid Insects","7","7","4.00"
"Mermaid Insects","8","6","4.00"
"Metal Armageddon","7","8","6.25"
"Metal Armageddon","8","9","6.25"
"Metropolis Coma","7","12","6.50"
"Metropolis Coma","8","9","6.50"
"Microcosmos Paradise","7","5","3.25"
"Microcosmos Paradise","8","6","3.25"
"Midnight Westward","7","8","3.40"
"Midnight Westward","8","5","3.40"
"Midsummer Groundhog","7","8","5.50"
"Midsummer Groundhog","8","9","5.50"
"Mighty Luck","8","6","3.00"
"Mile Mulan","7","5","3.25"
"Mile Mulan","8","4","3.25"
"Million Ace","7","9","5.00"
"Minds Truman","7","8","5.00"
"Minds Truman","8","10","5.00"
"Mine Titans","7","9","4.75"
"Mine Titans","8","7","4.75"
"Minority Kiss","7","6","3.00"
"Miracle Virtual","7","3","2.25"
"Miracle Virtual","8","3","2.25"
"Mission Zoolander","7","8","4.50"
"Mission Zoolander","8","5","4.50"
"Mixed Doors","7","3","2.00"
"Mob Duffel","7","6","3.00"
"Mob Duffel","8","4","3.00"
"Mockingbird Hollywood","7","7","4.80"
"Mockingbird Hollywood","8","12","4.80"
"Mod Secretary","7","4","2.75"
"Mod Secretary","8","4","2.75"
"Model Fish","7","6","3.75"
"Model Fish","8","5","3.75"
"Modern Dorado","7","4","3.75"
"Modern Dorado","8","6","3.75"
"Money Harold","7","10","6.67"
"Money Harold","8","9","6.67"
"Monsoon Cause","7","5","3.00"
"Monster Spartacus","7","6","3.00"
"Monster Spartacus","8","4","3.00"
"Monterey Labyrinth","7","7","3.25"
"Monterey Labyrinth","8","4","3.25"
"Montezuma Command","7","4","3.00"
"Montezuma Command","8","4","3.00"
"Moon Bunch","7","12","7.25"
"Moon Bunch","8","10","7.25"
"Moonshine Cabin","7","11","5.25"
"Moonshine Cabin","8","6","5.25"
"Moonwalker Fool","7","4","2.60"
"Moonwalker Fool","8","5","2.60"
"Mosquito Armageddon","7","6","3.00"
"Mosquito Armageddon","8","4","3.00"
"Mother Oleander","7","5","3.50"
"Mother Oleander","8","7","3.50"
"Motions Details","7","5","3.20"
"Motions Details","8","6","3.20"
"Moulin Wake","7","8","5.33"
"Moulin Wake","8","7","5.33"
"Mourning Purple","7","8","5.25"
"Mourning Purple","8","7","5.25"
"Movie Shakespeare","6","6","5.40"
"Movie Shakespeare","7","10","5.40"
"Movie Shakespeare","8","7","5.40"
"Mulan Moon","6","3","2.60"
"Mulan Moon","7","5","2.60"
"Mulan Moon","8","3","2.60"
"Mulholland Beast","7","3","1.75"
"Mulholland Beast","8","2","1.75"
"Mummy Creatures","7","6","4.00"
"Mummy Creatures","8","8","4.00"
"Murder Antitrust","7","10","5.75"
"Murder Antitrust","8","7","5.75"
"Muscle Bright","7","14","7.50"
"Muscle Bright","8","9","7.50"
"Music Boondock","7","9","4.75"
"Music Boondock","8","5","4.75"
"Musketeers Wait","7","8","4.25"
"Musketeers Wait","8","6","4.25"
"Mussolini Spoilers","8","3","2.50"
"Mystic Truman","7","4","2.50"
"Name Detective","7","11","4.60"
"Name Detective","8","6","4.60"
"Nash Chocolat","7","6","3.75"
"Nash Chocolat","8","6","3.75"
"National Story","7","8","4.75"
"National Story","8","8","4.75"
"Natural Stock","7","5","3.25"
"Natural Stock","8","4","3.25"
"Necklace Outbreak","7","8","3.75"
"Necklace Outbreak","8","4","3.75"
"Neighbors Charade","7","9","4.75"
"Neighbors Charade","8","7","4.75"
"Nemo Campus","7","8","4.67"
"Nemo Campus","8","5","4.67"
"Network Peak","7","11","7.75"
"Network Peak","8","11","7.75"
"Newsies Story","7","4","2.33"
"Newton Labyrinth","7","6","4.25"
"Newton Labyrinth","8","7","4.25"
"Nightmare Chill","7","10","6.25"
"Nightmare Chill","8","9","6.25"
"None Spiking","6","6","5.40"
"None Spiking","7","11","5.40"
"None Spiking","8","8","5.40"
"Noon Papi","7","7","4.25"
"Noon Papi","8","5","4.25"
"North Tequila","7","4","2.75"
"North Tequila","8","4","2.75"
"Northwest Polish","7","8","5.00"
"Northwest Polish","8","7","5.00"
"Notorious Reunion","7","6","3.50"
"Notorious Reunion","8","5","3.50"
"Notting Speakeasy","7","4","2.50"
"Notting Speakeasy","8","4","2.50"
"Novocaine Flight","7","8","4.75"
"Novocaine Flight","8","7","4.75"
"Nuts Ties","7","5","3.00"
"October Submarine","7","4","2.75"
"October Submarine","8","4","2.75"
"Odds Boogie","7","6","3.75"
"Odds Boogie","8","5","3.75"
"Oleander Clue","7","4","2.50"
"Oleander Clue","8","3","2.50"
"Open African","7","7","5.25"
"Open African","8","8","5.25"
"Operation Operation","7","12","5.40"
"Operation Operation","8","9","5.40"
"Opposite Necklace","7","6","2.60"
"Opus Ice","7","5","2.75"
"Opus Ice","8","3","2.75"
"Orange Grapes","7","9","6.00"
"Orange Grapes","8","10","6.00"
"Orient Closer","7","8","5.67"
"Orient Closer","8","7","5.67"
"Oscar Gold","7","12","8.33"
"Oscar Gold","8","9","8.33"
"Others Soup","7","9","5.75"
"Others Soup","8","7","5.75"
"Outbreak Divine","7","9","5.75"
"Outbreak Divine","8","6","5.75"
"Outfield Massacre","7","9","4.00"
"Outfield Massacre","8","6","4.00"
"Outlaw Hanky","7","6","4.67"
"Outlaw Hanky","8","7","4.67"
"Oz Liaisons","7","11","6.00"
"Oz Liaisons","8","7","6.00"
"Pacific Amistad","7","8","6.00"
"Pacific Amistad","8","8","6.00"
"Packer Madigan","7","10","5.50"
"Packer Madigan","8","7","5.50"
"Pajama Jawbreaker","7","6","4.67"
"Pajama Jawbreaker","8","6","4.67"
"Panic Club","7","4","2.33"
"Panky Submarine","7","6","3.75"
"Panky Submarine","8","5","3.75"
"Panther Reds","8","9","5.00"
"Papi Necklace","7","3","2.00"
"Papi Necklace","8","3","2.00"
"Paradise Sabrina","7","12","9.00"
"Paris Weekend","7","5","4.67"
"Paris Weekend","8","6","4.67"
"Park Citizen","7","4","2.00"
"Party Knock","7","6","4.33"
"Party Knock","8","5","4.33"
"Past Suicides","7","6","3.25"
"Past Suicides","8","5","3.25"
"Paths Control","7","4","3.33"
"Paths Control","8","5","3.33"
"Patient Sister","7","6","4.75"
"Patient Sister","8","9","4.75"
"Patriot Roman","7","7","4.00"
"Patriot Roman","8","6","4.00"
"Patton Interview","7","10","5.75"
"Patton Interview","8","9","5.75"
"Paycheck Wait","7","7","5.33"
"Paycheck Wait","8","7","5.33"
"Peach Innocent","7","5","2.80"
"Peach Innocent","8","5","2.80"
"Peak Forever","7","8","5.00"
"Peak Forever","8","7","5.00"
"Pelican Comforts","7","9","6.50"
"Pelican Comforts","8","10","6.50"
"Perfect Groove","7","7","4.25"
"Perfect Groove","8","7","4.25"
"Personal Ladybugs","7","7","3.50"
"Personal Ladybugs","8","4","3.50"
"Phantom Glory","8","3","2.00"
"Philadelphia Wife","7","8","4.60"
"Philadelphia Wife","8","8","4.60"
"Pianist Outfield","7","6","5.25"
"Pianist Outfield","8","11","5.25"
"Pickup Driving","7","8","4.00"
"Pilot Hoosiers","7","7","4.00"
"Pilot Hoosiers","8","5","4.00"
"Pinocchio Simon","7","9","5.00"
"Pinocchio Simon","8","7","5.00"
"Pirates Roxanne","7","9","4.20"
"Pirates Roxanne","8","7","4.20"
"Pittsburgh Hunchback","7","5","3.00"
"Pittsburgh Hunchback","8","4","3.00"
"Pity Bound","7","11","6.50"
"Pity Bound","8","10","6.50"
"Pizza Jumanji","7","2","1.75"
"Pizza Jumanji","8","3","1.75"
"Platoon Instinct","7","3","2.25"
"Platoon Instinct","8","3","2.25"
"Pluto Oleander","7","6","4.00"
"Pluto Oleander","8","5","4.00"
"Pocus Pulp","7","12","6.50"
"Pocus Pulp","8","9","6.50"
"Polish Brooklyn","7","6","4.50"
"Polish Brooklyn","8","6","4.50"
"Pollock Deliverance","7","7","3.60"
"Pollock Deliverance","8","8","3.60"
"Pond Seattle","7","9","4.75"
"Pond Seattle","8","7","4.75"
"Poseidon Forever","7","8","5.67"
"Poseidon Forever","8","7","5.67"
"Potluck Mixed","7","5","2.75"
"Potluck Mixed","8","4","2.75"
"Potter Connecticut","7","7","4.25"
"Potter Connecticut","8","6","4.25"
"Prejudice Oleander","7","8","5.00"
"Prejudice Oleander","8","8","5.00"
"President Bang","7","4","2.33"
"Pride Alamo","7","5","3.20"
"Pride Alamo","8","7","3.20"
"Primary Glass","7","15","9.00"
"Princess Giant","7","10","5.40"
"Princess Giant","8","8","5.40"
"Private Drop","7","3","2.50"
"Prix Undefeated","7","3","2.75"
"Prix Undefeated","8","5","2.75"
"Pulp Beverly","7","11","6.00"
"Pulp Beverly","8","9","6.00"
"Punk Divorce","7","4","2.00"
"Pure Runner","7","7","3.20"
"Pure Runner","8","6","3.20"
"Purple Movie","7","5","3.25"
"Purple Movie","8","5","3.25"
"Queen Luke","7","8","4.40"
"Queen Luke","8","8","4.40"
"Quest Mussolini","7","7","6.67"
"Quest Mussolini","8","10","6.67"
"Quills Bull","7","7","4.00"
"Racer Egg","7","8","6.00"
"Racer Egg","8","8","6.00"
"Rage Games","7","11","6.33"
"Raging Airplane","7","6","3.25"
"Raging Airplane","8","5","3.25"
"Random Go","7","4","3.00"
"Random Go","8","4","3.00"
"Range Moonwalker","7","12","6.75"
"Range Moonwalker","8","8","6.75"
"Reap Unfaithful","7","8","5.33"
"Reap Unfaithful","8","6","5.33"
"Rear Trading","7","7","4.25"
"Rear Trading","8","5","4.25"
"Rebel Airport","7","4","2.67"
"Records Zorro","7","4","2.00"
"Redemption Comforts","7","9","6.67"
"Redemption Comforts","8","10","6.67"
"Reds Pocus","7","4","2.25"
"Reef Salute","7","5","3.67"
"Reef Salute","8","5","3.67"
"Reign Gentlemen","7","7","5.00"
"Reign Gentlemen","8","10","5.00"
"Remember Diary","7","7","4.50"
"Remember Diary","8","8","4.50"
"Requiem Tycoon","7","6","4.75"
"Requiem Tycoon","8","10","4.75"
"Reservoir Adaptation","7","3","2.50"
"Reservoir Adaptation","8","5","2.50"
"Resurrection Silverado","7","9","5.25"
"Resurrection Silverado","8","6","5.25"
"Reunion Witches","7","8","5.00"
"Reunion Witches","8","7","5.00"
"Rider Caddyshack","7","6","5.50"
"Ridgemont Submarine","7","12","6.40"
"Ridgemont Submarine","8","10","6.40"
"Right Cranes","7","4","3.33"
"Right Cranes","8","5","3.33"
"Rings Heartbreakers","7","7","3.75"
"Rings Heartbreakers","8","4","3.75"
"River Outlaw","7","8","4.00"
"River Outlaw","8","8","4.00"
"Road Roxanne","7","6","4.75"
"Road Roxanne","8","10","4.75"
"Robbers Joon","7","13","7.75"
"Robbers Joon","8","8","7.75"
"Robbery Bright","7","5","3.25"
"Robbery Bright","8","5","3.25"
"Rock Instinct","7","9","5.67"
"Rock Instinct","8","6","5.67"
"Rocketeer Mother","7","11","8.25"
"Rocketeer Mother","8","12","8.25"
"Rocky War","7","8","4.00"
"Rollercoaster Bringing","7","4","2.50"
"Rollercoaster Bringing","8","4","2.50"
"Roman Punk","7","10","6.00"
"Roman Punk","8","7","6.00"
"Room Roman","7","9","5.00"
"Room Roman","8","8","5.00"
"Roots Remember","7","7","4.25"
"Roots Remember","8","6","4.25"
"Roses Treasure","7","9","7.00"
"Roses Treasure","8","11","7.00"
"Rouge Squad","7","8","4.50"
"Rouge Squad","8","6","4.50"
"Roxanne Rebel","7","7","4.75"
"Roxanne Rebel","8","7","4.75"
"Rugrats Shakespeare","7","14","7.50"
"Rugrats Shakespeare","8","9","7.50"
"Rules Human","7","6","4.00"
"Rules Human","8","5","4.00"
"Run Pacific","7","3","2.50"
"Run Pacific","8","5","2.50"
"Runaway Tenenbaums","7","4","2.00"
"Runner Madigan","8","5","4.00"
"Rush Goodfellas","7","14","7.75"
"Rush Goodfellas","8","10","7.75"
"Rushmore Mermaid","7","3","2.00"
"Sabrina Midnight","7","12","7.00"
"Saddle Antitrust","7","5","3.50"
"Saddle Antitrust","8","4","3.50"
"Sagebrush Clueless","7","8","4.00"
"Sagebrush Clueless","8","5","4.00"
"Saints Bride","7","4","2.67"
"Saints Bride","8","3","2.67"
"Salute Apollo","7","9","5.75"
"Salute Apollo","8","7","5.75"
"Samurai Lion","7","13","6.25"
"Samurai Lion","8","7","6.25"
"Santa Paris","7","4","2.75"
"Santa Paris","8","4","2.75"
"Sassy Packer","7","7","3.25"
"Sassy Packer","8","4","3.25"
"Satisfaction Confidential","7","9","4.25"
"Satisfaction Confidential","8","5","4.25"
"Saturday Lambs","7","13","7.00"
"Saturday Lambs","8","10","7.00"
"Saturn Name","7","6","4.33"
"Saturn Name","8","5","4.33"
"Savannah Town","7","6","3.00"
"Scalawag Duck","7","16","8.00"
"Scarface Bang","7","8","3.60"
"Scarface Bang","8","6","3.60"
"School Jacket","8","3","2.00"
"Scissorhands Slums","7","4","3.75"
"Scissorhands Slums","8","5","3.75"
"Scorpion Apollo","7","11","5.75"
"Scorpion Apollo","8","7","5.75"
"Sea Virgin","7","10","5.50"
"Sea Virgin","8","7","5.50"
"Seabiscuit Punk","7","10","5.20"
"Seabiscuit Punk","8","10","5.20"
"Searchers Wait","7","6","4.67"
"Searchers Wait","8","5","4.67"
"Seattle Expecations","6","5","4.80"
"Seattle Expecations","7","10","4.80"
"Secret Groundhog","7","10","5.25"
"Secretary Rouge","7","8","6.00"
"Secretary Rouge","8","8","6.00"
"Secrets Paradise","7","9","5.00"
"Secrets Paradise","8","7","5.00"
"Sense Greek","7","4","2.33"
"Sensibility Rear","7","6","3.33"
"Seven Swarm","7","3","2.50"
"Shakespeare Saddle","7","11","5.50"
"Shakespeare Saddle","8","7","5.50"
"Shane Darkness","7","5","3.50"
"Shane Darkness","8","6","3.50"
"Shanghai Tycoon","8","9","7.00"
"Shawshank Bubble","7","10","4.75"
"Shawshank Bubble","8","5","4.75"
"Shepherd Midsummer","7","10","6.25"
"Shepherd Midsummer","8","9","6.25"
"Shining Roses","8","5","4.00"
"Ship Wonderland","7","8","3.75"
"Ship Wonderland","8","4","3.75"
"Shock Cabin","7","14","7.50"
"Shock Cabin","8","8","7.50"
"Shootist Superfly","7","12","6.00"
"Shootist Superfly","8","8","6.00"
"Show Lord","7","10","6.25"
"Show Lord","8","8","6.25"
"Shrek License","7","6","3.00"
"Shrunk Divine","7","7","3.50"
"Shrunk Divine","8","5","3.50"
"Side Ark","7","6","4.00"
"Side Ark","8","5","4.00"
"Siege Madre","7","6","3.75"
"Siege Madre","8","5","3.75"
"Sierra Divide","7","8","5.00"
"Silence Kane","7","7","4.00"
"Silence Kane","8","6","4.00"
"Silverado Goldfinger","7","6","3.00"
"Silverado Goldfinger","8","4","3.00"
"Sinners Atlantis","7","9","5.50"
"Sinners Atlantis","8","8","5.50"
"Slacker Liaisons","7","9","4.25"
"Slacker Liaisons","8","6","4.25"
"Sleeping Suspects","7","9","4.80"
"Sleeping Suspects","8","9","4.80"
"Sleepless Monsoon","7","9","4.00"
"Sleepless Monsoon","8","5","4.00"
"Sleepy Japanese","7","8","4.20"
"Sleepy Japanese","8","6","4.20"
"Sleuth Orient","7","7","5.25"
"Sleuth Orient","8","8","5.25"
"Sling Luke","7","3","2.00"
"Slipper Fidelity","7","7","4.00"
"Slipper Fidelity","8","5","4.00"
"Slums Duck","7","8","6.00"
"Slums Duck","8","11","6.00"
"Smile Earring","7","6","3.33"
"Smoking Barbarella","7","8","3.60"
"Smoking Barbarella","8","6","3.60"
"Smoochy Control","7","6","3.00"
"Smoochy Control","8","4","3.00"
"Snatch Slipper","7","9","5.50"
"Snatch Slipper","8","9","5.50"
"Snatchers Montezuma","8","5","3.00"
"Snowman Rollercoaster","7","10","5.75"
"Snowman Rollercoaster","8","8","5.75"
"Soldiers Evolution","7","4","2.00"
"Something Duck","7","10","4.75"
"Something Duck","8","5","4.75"
"Song Hedwig","7","5","2.20"
"Sons Interview","7","8","3.75"
"Sons Interview","8","4","3.75"
"Sorority Queen","7","6","4.00"
"Sorority Queen","8","5","4.00"
"Soup Wisdom","7","3","2.00"
"Soup Wisdom","8","3","2.00"
"South Wait","7","10","4.40"
"South Wait","8","8","4.40"
"Spartacus Cheaper","8","5","4.50"
"Speakeasy Date","7","6","3.00"
"Speed Suit","7","3","2.25"
"Speed Suit","8","3","2.25"
"Spice Sorority","7","8","5.00"
"Spice Sorority","8","8","5.00"
"Spiking Element","7","5","3.25"
"Spiking Element","8","5","3.25"
"Spinal Rocky","7","6","4.33"
"Spinal Rocky","8","6","4.33"
"Spirit Flintstones","7","8","5.00"
"Spirited Casualties","7","5","3.67"
"Spirited Casualties","8","4","3.67"
"Splash Gump","7","7","4.67"
"Splendor Patton","7","10","7.00"
"Splendor Patton","8","9","7.00"
"Spoilers Hellfighters","7","4","2.50"
"Spoilers Hellfighters","8","4","2.50"
"Spy Mile","7","10","9.00"
"Spy Mile","8","12","9.00"
"Squad Fish","7","4","3.50"
"Stage World","7","4","3.33"
"Stage World","8","4","3.33"
"Stagecoach Armageddon","7","12","6.50"
"Stallion Sundance","7","3","1.75"
"Stallion Sundance","8","2","1.75"
"Stampede Disturbing","8","7","4.67"
"Star Operation","7","10","4.20"
"Star Operation","8","8","4.20"
"State Wasteland","7","5","2.60"
"State Wasteland","8","4","2.60"
"Steel Santa","7","7","5.75"
"Steel Santa","8","12","5.75"
"Steers Armageddon","7","7","5.00"
"Stepmom Dream","7","7","5.00"
"Stepmom Dream","8","11","5.00"
"Sting Personal","7","9","7.00"
"Sting Personal","8","10","7.00"
"Stock Glass","7","7","4.67"
"Stock Glass","8","5","4.67"
"Stone Fire","7","5","2.75"
"Stone Fire","8","3","2.75"
"Storm Happiness","7","11","7.25"
"Storm Happiness","8","12","7.25"
"Story Side","7","11","7.00"
"Story Side","8","10","7.00"
"Straight Hours","7","8","5.00"
"Straight Hours","8","9","5.00"
"Strangelove Desire","7","12","6.00"
"Strangelove Desire","8","7","6.00"
"Stranger Strangers","7","6","2.75"
"Stranger Strangers","8","3","2.75"
"Strangers Graffiti","7","8","4.25"
"Streak Ridgemont","7","6","3.20"
"Streak Ridgemont","8","4","3.20"
"Streetcar Intentions","7","10","6.25"
"Streetcar Intentions","8","11","6.25"
"Strictly Scarface","7","10","7.67"
"Strictly Scarface","8","9","7.67"
"Submarine Bed","7","5","3.75"
"Submarine Bed","8","6","3.75"
"Sugar Wonka","7","8","4.25"
"Sugar Wonka","8","7","4.25"
"Suit Walls","7","9","4.20"
"Suit Walls","8","5","4.20"
"Summer Scarface","7","6","3.20"
"Summer Scarface","8","6","3.20"
"Sun Confessions","7","12","6.25"
"Sun Confessions","8","8","6.25"
"Sundance Invasion","7","9","3.80"
"Sundance Invasion","8","6","3.80"
"Sunrise League","7","10","6.00"
"Sunrise League","8","8","6.00"
"Sunset Racer","7","4","2.00"
"Super Wyoming","7","4","3.25"
"Super Wyoming","8","6","3.25"
"Superfly Trip","7","4","2.50"
"Superfly Trip","8","4","2.50"
"Suspects Quills","7","12","6.00"
"Suspects Quills","8","8","6.00"
"Swarm Gold","7","11","5.40"
"Swarm Gold","8","9","5.40"
"Sweden Shining","7","7","3.60"
"Sweden Shining","8","5","3.60"
"Sweet Brotherhood","7","6","3.75"
"Sweethearts Suspects","7","13","5.80"
"Sweethearts Suspects","8","9","5.80"
"Talented Homicide","7","10","7.25"
"Talented Homicide","8","10","7.25"
"Tarzan Videotape","7","4","2.67"
"Taxi Kick","7","6","5.67"
"Taxi Kick","8","8","5.67"
"Teen Apollo","7","6","4.25"
"Teen Apollo","8","5","4.25"
"Telegraph Voyage","7","11","6.75"
"Telegraph Voyage","8","9","6.75"
"Telemark Heartbreakers","7","14","6.25"
"Telemark Heartbreakers","8","7","6.25"
"Temple Attraction","7","6","3.00"
"Temple Attraction","8","4","3.00"
"Tenenbaums Command","7","7","3.25"
"Tenenbaums Command","8","4","3.25"
"Theory Mermaid","7","6","2.75"
"Theory Mermaid","8","3","2.75"
"Thief Pelican","7","5","4.75"
"Thief Pelican","8","10","4.75"
"Thin Sagebrush","7","5","3.67"
"Thin Sagebrush","8","5","3.67"
"Ties Hunger","7","4","2.75"
"Ties Hunger","8","4","2.75"
"Tights Dawn","7","14","8.67"
"Timberland Sky","7","14","7.75"
"Titanic Boondock","7","11","4.60"
"Titanic Boondock","8","6","4.60"
"Titans Jerk","7","14","5.80"
"Titans Jerk","8","7","5.80"
"Tomatoes Hellfighters","8","9","4.67"
"Tomorrow Hustler","7","11","6.25"
"Tomorrow Hustler","8","8","6.25"
"Tootsie Pilot","7","5","3.75"
"Tootsie Pilot","8","6","3.75"
"Torque Bound","7","11","5.40"
"Torque Bound","8","9","5.40"
"Tourist Pelican","7","10","5.50"
"Towers Hurricane","7","3","2.75"
"Towers Hurricane","8","5","2.75"
"Town Ark","7","6","3.50"
"Town Ark","8","5","3.50"
"Tracy Cider","7","12","6.50"
"Tracy Cider","8","8","6.50"
"Trading Pinocchio","7","12","5.00"
"Trading Pinocchio","8","7","5.00"
"Traffic Hobbit","8","3","2.50"
"Train Bunch","8","3","2.00"
"Trainspotting Strangers","7","6","2.75"
"Trainspotting Strangers","8","3","2.75"
"Tramp Others","7","8","5.00"
"Tramp Others","8","7","5.00"
"Translation Summer","7","6","3.75"
"Translation Summer","8","5","3.75"
"Trap Guys","7","7","4.00"
"Trap Guys","8","5","4.00"
"Treatment Jekyll","7","3","1.75"
"Treatment Jekyll","8","2","1.75"
"Trip Newton","7","14","7.00"
"Trip Newton","8","9","7.00"
"Trojan Tomorrow","7","5","3.80"
"Trojan Tomorrow","8","9","3.80"
"Trouble Date","6","5","4.60"
"Trouble Date","7","10","4.60"
"Trouble Date","8","6","4.60"
"Truman Crazy","7","9","5.75"
"Truman Crazy","8","7","5.75"
"Turn Star","7","6","3.50"
"Turn Star","8","5","3.50"
"Tuxedo Mile","7","6","3.25"
"Tuxedo Mile","8","5","3.25"
"Twisted Pirates","7","5","3.67"
"Twisted Pirates","8","5","3.67"
"Tycoon Gathering","7","6","4.00"
"Tycoon Gathering","8","5","4.00"
"Unbreakable Karate","8","10","5.25"
"Uncut Suicides","7","5","3.50"
"Uncut Suicides","8","6","3.50"
"Undefeated Dalmations","7","9","5.25"
"Undefeated Dalmations","8","8","5.25"
"Unfaithful Kill","8","5","2.67"
"Unforgiven Zoolander","7","5","4.50"
"Unforgiven Zoolander","8","8","4.50"
"United Pilot","7","6","4.25"
"United Pilot","8","7","4.25"
"Untouchables Sunrise","7","3","2.00"
"Untouchables Sunrise","8","3","2.00"
"Uprising Uptown","7","6","4.00"
"Uprising Uptown","8","6","4.00"
"Uptown Young","7","6","3.00"
"Usual Untouchables","7","6","3.25"
"Usual Untouchables","8","5","3.25"
"Vacation Boondock","7","10","5.25"
"Vacation Boondock","8","6","5.25"
"Valentine Vanishing","8","5","3.00"
"Valley Packer","7","6","3.75"
"Valley Packer","8","5","3.75"
"Vampire Whale","7","6","3.00"
"Vanilla Day","7","5","3.00"
"Vanished Garden","7","3","1.75"
"Vanished Garden","8","2","1.75"
"Vanishing Rocky","7","8","3.60"
"Vanishing Rocky","8","6","3.60"
"Varsity Trip","7","6","4.00"
"Varsity Trip","8","6","4.00"
"Velvet Terminator","7","10","6.50"
"Velvet Terminator","8","8","6.50"
"Vertigo Northwest","8","5","4.00"
"Victory Academy","7","5","3.00"
"Videotape Arsenic","7","10","7.25"
"Videotape Arsenic","8","10","7.25"
"Vietnam Smoochy","7","6","3.75"
"Vietnam Smoochy","8","5","3.75"
"Virgin Daisy","7","8","4.25"
"Virgin Daisy","8","6","4.25"
"Virginian Pluto","7","10","5.80"
"Virginian Pluto","8","11","5.80"
"Virtual Spoilers","7","5","4.67"
"Virtual Spoilers","8","6","4.67"
"Vision Torque","7","3","1.75"
"Vision Torque","8","2","1.75"
"Voice Peach","7","6","4.75"
"Voice Peach","8","9","4.75"
"Volcano Texas","7","7","4.40"
"Volcano Texas","8","8","4.40"
"Voyage Legally","7","12","7.00"
"Voyage Legally","8","9","7.00"
"Wagon Jaws","7","5","3.33"
"Wait Cider","7","6","5.25"
"Wait Cider","8","9","5.25"
"Wanda Chamber","7","7","3.20"
"Wanda Chamber","8","4","3.20"
"War Notting","7","5","4.00"
"War Notting","8","6","4.00"
"Wardrobe Phantom","7","9","6.75"
"Wardrobe Phantom","8","9","6.75"
"Warlock Werewolf","7","4","3.00"
"Wars Pluto","7","6","3.33"
"Wash Heavenly","7","7","5.75"
"Wash Heavenly","8","8","5.75"
"Wasteland Divine","7","6","3.75"
"Wasteland Divine","8","5","3.75"
"Watch Tracy","7","8","4.00"
"Watch Tracy","8","5","4.00"
"Waterfront Deliverance","7","7","4.25"
"Waterfront Deliverance","8","6","4.25"
"Watership Frontier","8","3","2.00"
"Wedding Apollo","7","11","4.80"
"Wedding Apollo","8","5","4.80"
"Weekend Personal","7","8","4.50"
"Weekend Personal","8","6","4.50"
"Werewolf Lola","7","5","3.50"
"Werewolf Lola","8","4","3.50"
"West Lion","7","6","4.00"
"West Lion","8","5","4.00"
"Westward Seabiscuit","7","12","6.50"
"Westward Seabiscuit","8","9","6.50"
"Whale Bikini","7","7","4.50"
"Whisperer Giant","7","9","5.50"
"Whisperer Giant","8","9","5.50"
"Wife Turn","7","12","7.75"
"Wife Turn","8","11","7.75"
"Wild Apollo","7","3","1.50"
"Willow Tracy","7","8","4.00"
"Willow Tracy","8","5","4.00"
"Wind Phantom","7","10","5.75"
"Wind Phantom","8","8","5.75"
"Window Side","7","6","3.00"
"Wisdom Worker","7","5","3.00"
"Witches Panic","7","11","7.50"
"Witches Panic","8","9","7.50"
"Wizard Coldblooded","7","7","4.00"
"Wizard Coldblooded","8","6","4.00"
"Wolves Desire","7","9","7.00"
"Wolves Desire","8","8","7.00"
"Women Dorado","7","10","4.60"
"Women Dorado","8","8","4.60"
"Won Dares","7","4","3.00"
"Won Dares","8","4","3.00"
"Wonderful Drop","7","4","2.25"
"Wonderland Christmas","7","10","5.50"
"Wonderland Christmas","8","9","5.50"
"Wonka Sea","7","8","6.00"
"Wonka Sea","8","8","6.00"
"Words Hunter","7","6","4.00"
"Words Hunter","8","6","4.00"
"Worker Tarzan","7","6","5.00"
"Worker Tarzan","8","7","5.00"
"Working Microcosmos","7","10","6.25"
"Working Microcosmos","8","8","6.25"
"World Leathernecks","7","4","2.00"
"Worst Banger","7","7","4.00"
"Worst Banger","8","6","4.00"
"Wrath Mile","7","7","3.50"
"Wrath Mile","8","4","3.50"
"Wrong Behavior","7","10","6.67"
"Wrong Behavior","8","8","6.67"
"Wyoming Storm","7","6","3.25"
"Yentl Idaho","7","10","5.75"
"Yentl Idaho","8","8","5.75"
"Young Language","7","3","2.33"
"Young Language","8","3","2.33"
"Youth Kick","8","3","2.00"
"Zhivago Core","6","2","1.80"
"Zhivago Core","7","3","1.80"
"Zhivago Core","8","2","1.80"
"Zoolander Fiction","7","7","4.25"
"Zoolander Fiction","8","7","4.25"
"Zorro Ark","7","12","7.75"
"Zorro Ark","8","11","7.75"
